passenger_id ,Name,contactInfo,Age,Gender
1,Miltie Beggini,mbeggini0@illinois.edu,50,Male
2,Chrisse Sarl,csarl1@theglobeandmail.com,10,Male
3,Madonna Rupprecht,mrupprecht2@nytimes.com,30,Female
4,Parrnell Iddens,piddens3@dmoz.org,20,Male
5,Marin Mitchelhill,mmitchelhill4@about.me,67,Female
6,Morissa Alliband,malliband5@cam.ac.uk,52,Female
7,Arie Revell,arevell6@parallels.com,1,Male
8,Russ Danit,rdanit7@friendfeed.com,15,Male
9,Shelagh Cronchey,scronchey8@linkedin.com,67,Female
10,Joel Firidolfi,jfiridolfi9@google.co.uk,1,Male
11,Karim Mathew,kmathewa@europa.eu,52,Male
12,Kore Folshom,kfolshomb@upenn.edu,59,Female
13,Marlene Uff,muffc@marketwatch.com,42,Female
14,Reilly Burnside,rburnsided@vinaora.com,57,Male
15,Carmelle Killingbeck,ckillingbecke@friendfeed.com,61,Female
16,Hercule Olivia,holiviaf@blinklist.com,20,Male
17,Ezekiel Manssuer,emanssuerg@pagesperso-orange.fr,21,Male
18,Rochelle Garforth,rgarforthh@samsung.com,23,Female
19,Jackie Cardinale,jcardinalei@diigo.com,62,Female
20,Benetta Larimer,blarimerj@instagram.com,39,Female
21,Meggie Alcorn,malcornk@biglobe.ne.jp,13,Female
22,Madeleine Worgan,mworganl@deliciousdays.com,73,Female
23,Vinni Mation,vmationm@hugedomains.com,47,Female
24,Saleem Dallywater,sdallywatern@ucoz.ru,80,Male
25,Zane Brunger,zbrungero@accuweather.com,78,Male
26,Sukey Bines,sbinesp@phpbb.com,18,Female
27,Augusto Sheering,asheeringq@hostgator.com,22,Male
28,Sammie Andrag,sandragr@w3.org,9,Male
29,Ginger Bryns,gbrynss@friendfeed.com,3,Male
30,Hilarius McSharry,hmcsharryt@webnode.com,39,Male
31,Harv Runnalls,hrunnallsu@go.com,35,Male
32,Vitia Faulkes,vfaulkesv@cloudflare.com,3,Female
33,Chryste Raddish,craddishw@wsj.com,36,Female
34,Joly Plummer,jplummerx@ycombinator.com,24,Female
35,Leda Iremonger,liremongery@ovh.net,37,Female
36,Morgen Bradnocke,mbradnockez@theguardian.com,23,Female
37,Maible Belly,mbelly10@pcworld.com,15,Female
38,Adrian Ruf,aruf11@issuu.com,32,Male
39,Angela Geaney,ageaney12@exblog.jp,32,Female
40,Shirlene Kohtler,skohtler13@godaddy.com,0,Female
41,Marta Pizzie,mpizzie14@vinaora.com,24,Female
42,Sunny Ramshay,sramshay15@ezinearticles.com,55,Female
43,Kennie Royall,kroyall16@examiner.com,22,Male
44,Kai Hubback,khubback17@unc.edu,34,Female
45,Richmound Masterson,rmasterson18@joomla.org,75,Male
46,Corette Spurge,cspurge19@howstuffworks.com,12,Female
47,Dorie Maylin,dmaylin1a@stumbleupon.com,27,Male
48,Meredith Butterley,mbutterley1b@behance.net,43,Female
49,Kendre Velareal,kvelareal1c@blogger.com,34,Female
50,Dew Maffetti,dmaffetti1d@businesswire.com,68,Male
51,Carter Lahive,clahive1e@typepad.com,18,Male
52,Lisa Merck,lmerck1f@wisc.edu,66,Female
53,Abbot Brummell,abrummell1g@exblog.jp,5,Male
54,Mala Lemme,mlemme1h@163.com,6,Female
55,Em Elderidge,eelderidge1i@thetimes.co.uk,30,Male
56,Boothe Berriball,bberriball1j@flavors.me,33,Male
57,Rowen Stringer,rstringer1k@vimeo.com,57,Male
58,Yehudit Gerrietz,ygerrietz1l@yolasite.com,29,Male
59,Minnaminnie Godley,mgodley1m@people.com.cn,52,Female
60,Misti Mcsarry,mmcsarry1n@ow.ly,80,Female
61,Alanson Cordon,acordon1o@cocolog-nifty.com,25,Male
62,Katinka Reicherz,kreicherz1p@cocolog-nifty.com,69,Female
63,Sargent Cupitt,scupitt1q@etsy.com,46,Male
64,Petronilla Fife,pfife1r@harvard.edu,20,Female
65,Celka Flaubert,cflaubert1s@auda.org.au,40,Female
66,Etienne Lassells,elassells1t@apple.com,36,Male
67,Jaye Goning,jgoning1u@deliciousdays.com,52,Male
68,Ludovika Yarr,lyarr1v@answers.com,55,Female
69,Beniamino Sawter,bsawter1w@instagram.com,16,Male
70,Gertrud Brownsey,gbrownsey1x@hhs.gov,12,Female
71,Bonni Boydell,bboydell1y@spiegel.de,30,Female
72,Chester Stud,cstud1z@blinklist.com,70,Male
73,Tamera Finlater,tfinlater20@tuttocitta.it,10,Female
74,Franky Radcliffe,fradcliffe21@taobao.com,6,Male
75,Sara Cobson,scobson22@1und1.de,50,Female
76,Aprilette Holbarrow,aholbarrow23@imageshack.us,47,Female
77,Oswald Kesey,okesey24@phpbb.com,72,Male
78,Wakefield Kloss,wkloss25@google.pl,24,Male
79,Paddy Assur,passur26@noaa.gov,75,Male
80,Kristofer Klaggeman,kklaggeman27@trellian.com,6,Male
81,Henderson Brydon,hbrydon28@desdev.cn,22,Male
82,Ronny Benza,rbenza29@typepad.com,37,Male
83,Lorine Askew,laskew2a@mit.edu,44,Female
84,Sybille Creese,screese2b@istockphoto.com,31,Female
85,Wilek Grishankov,wgrishankov2c@51.la,11,Male
86,Gino Dalloway,gdalloway2d@cornell.edu,30,Male
87,Jehanna Vlach,jvlach2e@japanpost.jp,44,Female
88,Flossy Leiden,fleiden2f@scientificamerican.com,38,Female
89,Ezekiel Burcher,eburcher2g@odnoklassniki.ru,36,Male
90,Meier Felmingham,mfelmingham2h@so-net.ne.jp,3,Male
91,Morse Crosswaite,mcrosswaite2i@example.com,9,Male
92,Maegan Weepers,mweepers2j@cafepress.com,75,Female
93,Greg Kaubisch,gkaubisch2k@boston.com,6,Male
94,Jenifer Rymill,jrymill2l@wikimedia.org,55,Female
95,Eziechiele Vasyukov,evasyukov2m@google.com,19,Male
96,Verne Trencher,vtrencher2n@hibu.com,60,Male
97,Sanders Hain,shain2o@shareasale.com,30,Male
98,Solomon Mandrake,smandrake2p@histats.com,19,Male
99,Reg Pichmann,rpichmann2q@privacy.gov.au,26,Male
100,Jocelyne Rylatt,jrylatt2r@google.de,7,Female
101,Averell Dawidowitz,adawidowitz2s@ca.gov,8,Male
102,Donny Palffy,dpalffy2t@hubpages.com,50,Female
103,Eolanda Bignell,ebignell2u@github.io,36,Female
104,Chaddy Dodamead,cdodamead2v@blogtalkradio.com,65,Male
105,Taddeo Eaglestone,teaglestone2w@ihg.com,6,Male
106,Hildegarde Digan,hdigan2x@jalbum.net,48,Female
107,Leigh Bedinham,lbedinham2y@goo.gl,22,Female
108,Dasya Guitonneau,dguitonneau2z@de.vu,43,Female
109,Lark Fishburn,lfishburn30@arstechnica.com,55,Female
110,Veronike Pechard,vpechard31@wordpress.org,0,Female
111,Ruprecht Poate,rpoate32@merriam-webster.com,41,Male
112,Dill Martini,dmartini33@bigcartel.com,5,Male
113,Almeda Radband,aradband34@nyu.edu,78,Female
114,Kimberli Asmus,kasmus35@miibeian.gov.cn,14,Female
115,Gerrilee Mundy,gmundy36@nasa.gov,55,Female
116,Mufi Boulger,mboulger37@senate.gov,80,Female
117,Ciro McGriffin,cmcgriffin38@mapquest.com,1,Male
118,Max Waitland,mwaitland39@parallels.com,39,Male
119,Ruby de Villier,rde3a@senate.gov,52,Male
120,Jan Tindle,jtindle3b@cmu.edu,14,Female
